OrderID,CustomerID,OrderDate
22879,LEHMS,2019-02-02 20:01:27
10386,FAMIA,2016-12-18
11516,BERGS,2017-08-02 19:08:37
14031,HANAR,2017-07-21 14:22:49
18396,CENTC,2018-02-06 23:08:01
25144,BLONP,2019-07-23 19:37:50
26364,SANTG,2017-11-10 03:32:09
17274,TORTU,2015-06-27 14:38:25
25470,TOMSP,2015-01-19 10:33:37
11787,OCEAN,2020-10-14 04:02:45
19517,WOLZA,2019-04-20 22:47:06
24073,QUICK,2014-02-11 22:42:34
12880,CENTC,2019-02-12 14:34:16
21674,BONAP,2015-09-10 05:45:09
22872,QUEDE,2013-08-10 10:49:57
20426,TOMSP,2014-11-02 04:07:39
21792,DUMON,2013-09-25 01:29:03
13188,LINOD,2016-08-25 22:26:19
16082,FOLKO,2018-05-31 21:37:52
23033,LAZYK,2013-02-02 12:45:15
20204,LETSS,2019-01-20 19:10:07
14474,VINET,2016-02-08 12:02:37
17770,SEVES,2014-03-03 06:24:32
20680,THEBI,2022-07-30 20:18:36
14642,FOLIG,2012-12-21 09:06:33
19381,LILAS,2012-12-04 01:50:50
21658,BOTTM,2022-05-12 03:37:04
10625,ANATR,2017-08-08
24234,PERIC,2021-11-08 00:19:56
11979,CHOPS,2015-01-29 05:45:03
20520,MAGAA,2017-12-18 08:00:55
12941,TRADH,2021-03-27 23:42:33
13291,TRAIH,2020-07-02 13:17:20
20496,THECR,2018-02-21 00:35:47
21759,FURIB,2022-03-04 19:43:45
21726,SANTG,2017-07-16 00:13:27
22382,QUEDE,2013-06-05 00:14:55
25842,SANTG,2022-09-15 19:17:09
13814,FAMIA,2016-03-20 07:04:05
17976,LAZYK,2019-04-08 05:34:44
25182,DUMON,2022-12-08 20:45:13
18689,BOLID,2018-01-04 22:09:48
11019,RANCH,2018-04-13
24150,FRANS,2021-08-17 13:50:28
17325,BOTTM,2015-01-11 21:10:30
24763,GOURL,2018-02-07 17:05:54
16600,GODOS,2015-12-07 07:25:09
17068,LACOR,2021-03-29 20:00:46
25130,CACTU,2014-11-07 07:39:37
19938,BSBEV,2021-04-12 08:15:55
19262,TRAIH,2020-11-12 00:50:42
23405,TORTU,2022-06-05 17:19:27
26447,THECR,2023-08-15 07:18:40
19836,QUICK,2021-10-15 02:32:36
11560,GOURL,2022-08-10 14:32:41
21315,PARIS,2016-04-23 12:40:50
26137,NORTS,2017-12-19 09:40:39
14880,FRANK,2021-12-09 23:33:58
23566,WARTH,2017-02-07 11:15:20
22864,BONAP,2015-03-07 22:54:38
26411,GREAL,2013-10-06 06:51:22
21300,WILMK,2015-01-14 18:09:46
20196,QUICK,2012-09-08 05:17:01
17637,SEVES,2018-01-13 06:30:28
23870,MEREP,2015-04-30 10:46:11
22798,FAMIA,2019-12-05 18:19:36
21516,ANTON,2015-03-05 15:53:04
15291,FURIB,2021-03-22 20:38:55
17891,Val2 ,2012-07-21 22:28:42
12607,BLONP,2021-09-19 01:08:45
14707,VALON,2018-09-16 10:25:32
11551,RATTC,2017-11-12 02:32:52
13185,SIMOB,2021-07-16 03:54:31
15585,GALED,2020-04-26 08:48:43
20995,RICSU,2021-06-21 18:22:20
24509,CONSH,2014-02-12 13:45:28
10723,WHITC,2017-10-30
16948,OLDWO,2014-09-25 04:55:16
16201,ROMEY,2016-07-10 21:32:56
15927,WILMK,2013-07-16 00:51:56
20095,GOURL,2016-04-12 08:25:27
13616,GOURL,2015-08-23 00:43:42
19067,SPECD,2019-03-01 00:52:54
24451,GOURL,2016-01-27 20:18:55
17532,PICCO,2015-11-02 08:25:26
20397,BSBEV,2021-07-24 04:15:11
20317,GOURL,2017-12-19 01:25:33
25461,MEREP,2013-08-02 02:23:07
10680,OLDWO,2017-09-24
15505,LILAS,2016-03-01 19:35:04
22155,ISLAT,2014-08-19 10:52:00
24318,LILAS,2017-08-31 11:58:43
24212,Val2 ,2012-08-03 16:05:09
12640,OCEAN,2021-06-04 15:51:14
11007,PRINI,2018-04-08
26508,GODOS,2016-02-19 18:44:01
23197,OLDWO,2020-03-06 15:56:04
25416,SIMOB,2018-02-16 18:33:34
16883,LAUGB,2020-05-08 15:14:00
11164,RICAR,2018-10-03 21:42:23
25401,WANDK,2023-07-17 20:17:59
15975,BSBEV,2016-01-22 11:40:11
10478,VICTE,2017-03-18
22534,DUMON,2017-09-02 11:54:07
10525,BONAP,2017-05-02
22061,HUNGC,2021-05-15 21:11:17
24616,VAFFE,2014-05-19 12:53:59
17651,HUNGC,2023-02-14 08:27:59
18100,ANTON,2022-04-07 01:51:43
14346,CHOPS,2019-10-04 17:00:42
25631,NORTS,2015-11-20 14:56:00
18254,GREAL,2021-08-28 08:00:24
11513,MAISD,2015-08-14 09:08:11
19537,OLDWO,2017-10-13 02:22:45
16632,FURIB,2022-04-30 17:28:48
16169,FISSA,2016-08-29 07:28:58
23291,LILAS,2013-12-14 00:10:46
12047,EASTC,2018-08-08 13:13:18
22958,TRAIH,2014-01-21 16:47:49
19163,GOURL,2015-08-01 19:27:36
20501,HUNGC,2023-04-05 06:49:33
14072,REGGC,2015-05-07 22:47:44
18109,OTTIK,2020-09-09 22:09:38
17245,NORTS,2021-10-03 04:28:49
12688,WELLI,2013-07-17 05:46:30
16450,FOLIG,2013-10-15 04:58:48
18458,LACOR,2012-09-01 06:39:28
21595,ANATR,2018-06-04 06:17:09
22064,RICSU,2020-08-09 01:16:06
12377,FRANS,2023-03-21 03:17:27
24099,ISLAT,2020-02-21 20:27:25
21058,FURIB,2019-01-04 03:12:37
25564,MAISD,2017-12-16 23:41:03
21395,FRANK,2020-08-11 21:45:31
20770,VINET,2012-12-31 09:56:30
24975,BOLID,2023-06-26 16:36:12
11911,FRANR,2015-11-26 19:40:44
15922,LINOD,2015-11-26 12:46:20
13062,OTTIK,2017-07-20 04:50:43
19718,Val2 ,2014-12-01 20:51:49
11141,PRINI,2016-04-01 21:14:21
15238,FURIB,2012-09-07 00:03:57
19947,ISLAT,2019-06-28 01:56:09
19820,OCEAN,2016-08-04 01:07:49
21732,KOENE,2023-04-26 04:49:44
15355,HILAA,2021-10-23 02:12:06
11428,EASTC,2019-05-25 07:21:00
14312,HUNGO,2021-11-20 05:03:06
18217,WELLI,2019-11-09 03:15:01
23536,MAGAA,2023-06-04 11:16:59
17257,COMMI,2023-02-22 23:00:43
20021,EASTC,2022-03-20 02:13:48
11808,TRAIH,2012-11-23 19:35:38
21279,BOLID,2012-08-08 13:22:24
11751,FRANR,2019-12-08 11:38:53
14695,HUNGO,2014-01-12 16:06:51
11770,HUNGO,2016-01-21 16:25:58
14861,ROMEY,2013-07-26 00:44:36
18995,RICAR,2018-08-18 04:24:01
18130,WANDK,2016-02-20 22:13:20
16442,GROSR,2014-12-13 08:22:46
20234,QUEEN,2022-01-01 09:30:49
21643,QUEDE,2013-08-14 06:31:25
17659,LAMAI,2020-05-25 04:45:49
10816,GREAL,2018-01-06
13621,FRANK,2013-01-25 23:40:51
16153,LINOD,2023-03-12 23:57:42
14332,ANTON,2019-10-04 08:36:37
13210,BSBEV,2021-12-06 21:40:38
13296,TORTU,2022-02-07 14:41:37
23866,GROSR,2021-11-29 17:58:29
21183,COMMI,2019-04-30 22:15:31
11010,REGGC,2018-04-09
17395,GREAL,2014-04-12 04:37:14
15474,MAGAA,2019-08-01 18:20:37
17492,REGGC,2022-09-07 05:31:15
26263,LAZYK,2021-11-02 21:39:59
24112,SANTG,2016-12-02 05:08:56
10458,SUPRD,2017-02-26
11624,ROMEY,2019-11-11 12:08:17
18815,BSBEV,2015-06-10 21:20:15
13553,OTTIK,2022-08-19 17:25:55
20747,LACOR,2014-06-30 19:47:08
17323,VALON,2023-09-15 11:14:56
21316,Val2 ,2020-04-26 03:18:52
11824,SUPRD,2021-05-17 13:33:31
14325,PICCO,2021-05-03 13:45:08
14957,CONSH,2015-06-03 00:53:54
14293,LETSS,2017-01-16 16:44:19
22630,CACTU,2021-04-25 03:52:26
14842,LILAS,2016-10-14 09:22:57
16452,FURIB,2017-01-29 23:23:25
20919,GOURL,2022-04-22 21:04:57
12222,WARTH,2019-07-08 21:42:46
24367,MAGAA,2022-12-06 01:29:00
20054,PICCO,2021-11-20 10:50:31
15065,GREAL,2018-04-27 19:22:02
16329,LACOR,2014-03-27 01:50:02
16585,MAGAA,2013-07-08 13:56:45
24088,PERIC,2017-11-21 01:10:15
23715,LAZYK,2014-01-12 03:59:30
19153,BONAP,2015-02-18 18:34:24
26054,BLAUS,2015-07-28 23:03:23
13836,LINOD,2022-10-26 18:02:29
16143,OCEAN,2021-02-15 01:31:58
23283,COMMI,2016-06-03 01:02:01
13953,DRACD,2019-03-18 08:14:33
17934,DRACD,2016-04-25 20:50:44
16806,ERNSH,2017-08-26 10:56:19
21053,THEBI,2022-10-15 05:00:30
16859,WELLI,2016-11-20 15:37:39
13635,HANAR,2020-11-18 09:04:49
18489,FISSA,2018-02-02 18:02:57
17834,BOLID,2020-12-04 04:12:47
26344,SEVES,2022-06-24 16:03:05
20619,BOLID,2016-10-07 06:42:16
11859,WHITC,2020-05-08 04:03:50
15596,FISSA,2016-03-29 03:00:09
12146,QUICK,2014-06-28 05:32:15
12986,THEBI,2022-02-11 14:40:31
10785,GROSR,2017-12-18
18693,FOLKO,2018-03-28 10:52:09
10590,MEREP,2017-07-07
21154,BERGS,2018-11-06 17:46:30
21521,THEBI,2022-06-20 08:24:28
16649,EASTC,2017-09-26 10:38:38
10298,HUNGO,2016-09-05
18581,HUNGC,2019-05-21 04:27:23
17961,ALFKI,2017-09-24 07:49:37
25685,BOLID,2020-01-12 20:37:59
11159,BSBEV,2022-03-05 00:40:53
25877,NORTS,2012-07-11 21:17:36
19369,SIMOB,2015-07-13 12:41:54
15520,DUMON,2021-08-27 08:38:24
14822,BOLID,2016-07-22 02:18:30
12424,CENTC,2014-12-22 18:11:21
21528,RICAR,2020-03-11 18:02:25
20914,ROMEY,2018-10-13 19:57:49
10510,SAVEA,2017-04-18
22636,FRANR,2017-07-30 02:23:23
25960,MAISD,2014-02-24 17:56:42
24456,FISSA,2017-04-29 03:25:32
25545,CENTC,2021-09-22 17:05:41
25440,THECR,2019-12-09 19:41:31
24969,WANDK,2018-08-26 11:29:50
11890,SAVEA,2021-05-25 19:54:12
22035,TRAIH,2014-04-04 12:25:22
12758,LAMAI,2012-12-14 13:34:13
13220,VALON,2023-06-11 00:48:06
20926,VICTE,2018-07-01 22:15:50
21776,OTTIK,2013-03-17 18:48:36
17779,OCEAN,2020-05-28 02:18:12
19088,CACTU,2015-02-23 06:02:03
10908,REGGC,2018-02-26
24009,LAUGB,2019-08-29 22:07:45
24168,PARIS,2021-08-18 03:08:46
10571,ERNSH,2017-06-17
21734,SPLIR,2016-01-15 02:38:20
23723,HUNGC,2017-02-12 03:33:21
18979,LETSS,2019-03-25 05:28:30
21667,WOLZA,2017-09-04 06:11:41
18063,LONEP,2021-07-21 22:25:57
12510,SPLIR,2014-09-20 08:41:10
22435,FURIB,2015-03-11 20:58:09
11314,SPECD,2020-03-02 05:03:20
24235,ALFKI,2017-03-31 13:55:55
20617,GREAL,2014-09-21 06:54:23
20813,TRADH,2017-05-04 23:59:38
14354,LEHMS,2014-04-19 08:17:29
21127,NORTS,2015-08-23 22:18:17
15636,SPLIR,2012-12-31 02:23:04
15917,GALED,2018-04-04 19:02:58
12536,PRINI,2012-12-05 05:24:22
10681,GREAL,2017-09-25
24804,SEVES,2021-11-21 05:03:08
24028,LILAS,2016-02-03 13:05:24
20535,VINET,2016-02-20 23:26:16
26268,LILAS,2014-06-10 18:44:38
26170,EASTC,2018-04-19 09:26:26
23702,FURIB,2013-04-20 01:43:39
16827,BSBEV,2016-11-28 12:03:35
18117,TRAIH,2021-04-29 05:45:01
18284,PERIC,2015-08-18 13:43:11
16746,HUNGC,2016-06-28 16:04:50
16663,COMMI,2015-01-01 11:36:48
14081,PICCO,2014-11-27 10:17:14
18685,QUEEN,2014-12-21 18:38:39
12593,FOLKO,2012-09-16 19:30:41
17722,PARIS,2020-10-31 21:03:03
10277,MORGK,2016-08-09
26242,MAISD,2016-04-25 04:50:34
14649,FRANK,2021-04-02 10:38:15
13017,BSBEV,2022-04-08 14:01:17
17439,HILAA,2015-07-25 01:22:46
15104,OTTIK,2018-03-25 15:33:32
16009,PERIC,2018-06-13 22:44:34
18891,FISSA,2019-03-01 10:34:26
19141,SPECD,2020-06-24 01:02:00
17798,LEHMS,2020-09-23 01:42:53
15396,ROMEY,2015-10-03 01:54:25
21009,TRADH,2019-04-15 13:28:41
16332,WARTH,2020-04-06 17:43:42
11609,WELLI,2017-06-11 22:03:11
15423,ANTON,2013-03-06 12:13:44
16593,RICSU,2023-01-03 06:30:53
13521,FOLIG,2015-11-05 03:30:00
21190,HUNGC,2021-07-01 12:28:40
13590,OLDWO,2018-10-11 21:14:29
20382,FOLIG,2013-04-10 05:14:55
22609,PICCO,2022-01-14 05:58:30
18101,FURIB,2020-09-16 04:23:14
23373,BSBEV,2022-01-01 00:55:01
11790,LILAS,2012-09-12 04:49:42
12400,COMMI,2019-07-10 03:40:05
11015,SANTG,2018-04-10
14096,WILMK,2019-10-10 21:13:13
11284,TRADH,2023-04-04 18:00:40
19970,REGGC,2014-03-25 22:02:21
19727,PICCO,2016-06-07 02:25:51
13074,LAUGB,2012-08-04 01:03:18
11596,GALED,2016-09-21 05:39:32
12804,WOLZA,2022-11-02 21:35:05
25124,BOTTM,2023-03-05 23:16:16
14556,OTTIK,2022-10-03 07:14:56
13961,TOMSP,2012-12-12 07:36:46
19590,LEHMS,2019-08-07 09:20:43
16790,CHOPS,2017-03-09 16:27:20
26340,CONSH,2022-02-10 18:36:59
14187,Val2 ,2016-11-30 07:16:33
14272,RANCH,2016-10-15 07:12:14
12658,HILAA,2019-09-18 16:37:23
21493,GOURL,2015-08-06 12:24:40
10569,RATTC,2017-06-16
21830,Val2 ,2016-03-20 05:11:34
12106,CENTC,2014-12-16 20:08:28
12477,MAISD,2017-02-22 13:32:20
26156,WANDK,2016-02-09 01:44:17
20562,GOURL,2023-10-13 22:45:27
19328,OLDWO,2020-01-07 22:30:33
21270,VICTE,2017-05-27 17:22:06
15628,HUNGC,2013-05-30 14:06:49
10740,WHITC,2017-11-13
18767,WILMK,2021-07-11 02:37:02
12757,TRADH,2016-12-01 17:02:58
20205,RANCH,2017-01-17 04:24:55
22607,RICSU,2023-07-04 03:36:41
18456,BONAP,2012-09-03 15:04:27
21158,WELLI,2022-01-24 07:55:33
19116,BONAP,2020-11-19 10:21:30
25965,TRADH,2018-07-18 12:22:56
22787,ALFKI,2016-02-25 18:20:50
19667,BOTTM,2014-09-04 23:18:01
12886,LINOD,2019-12-22 21:52:25
18889,SIMOB,2022-03-29 18:38:17
21519,CONSH,2015-11-07 07:33:34
13323,LAMAI,2019-10-23 12:39:39
24178,LONEP,2017-08-17 00:26:15
24765,LILAS,2019-01-24 19:59:03
18423,GALED,2013-04-23 03:05:43
16273,WILMK,2021-01-29 02:56:18
25633,LAMAI,2020-06-10 11:44:39
15624,VICTE,2022-11-14 09:20:51
16287,HUNGO,2013-05-14 10:36:54
16297,FAMIA,2023-09-11 14:14:37
17078,GREAL,2023-08-24 07:56:55
13978,ERNSH,2014-11-25 03:31:11
10655,REGGC,2017-09-03
20895,LONEP,2017-08-04 23:58:56
22743,GOURL,2021-03-12 18:10:20
11761,DUMON,2013-07-14 01:35:55
23326,QUICK,2017-03-18 21:05:16
19347,WARTH,2023-09-28 23:43:11
26452,TRAIH,2013-12-17 01:36:26
10455,WARTH,2017-02-24
15166,KOENE,2020-11-04 16:30:44
12469,WANDK,2021-10-17 01:25:22
12837,LILAS,2020-05-15 13:04:35
26343,FRANS,2015-12-04 09:29:12
17858,LILAS,2016-09-16 21:19:36
21326,BONAP,2023-08-21 08:40:54
12956,CENTC,2017-07-24 16:13:47
12746,PARIS,2012-10-04 19:34:39
15617,NORTS,2022-08-08 03:08:06
22084,FAMIA,2013-04-24 09:20:59
12759,QUICK,2016-11-18 03:55:51
24885,ERNSH,2018-05-14 12:54:44
16443,HILAA,2021-09-05 05:54:24
18505,GROSR,2022-08-07 17:38:43
14511,EASTC,2012-08-31 13:38:46
26459,SEVES,2019-07-31 23:39:12
20361,RANCH,2023-06-24 21:44:21
23560,EASTC,2016-03-05 07:05:49
16501,LEHMS,2021-09-06 13:45:54
15605,BERGS,2019-11-26 04:26:13
26042,ISLAT,2023-01-02 09:02:50
10460,FOLKO,2017-02-28
25431,FAMIA,2015-07-13 22:48:13
15130,WELLI,2013-12-05 19:38:33
23900,VAFFE,2017-12-01 13:17:06
17350,WHITC,2023-10-18 08:26:38
13602,OTTIK,2017-01-16 16:25:18
15451,MORGK,2015-10-20 17:06:22
15796,CONSH,2022-02-15 11:07:47
13224,QUEDE,2022-11-21 19:00:35
15950,WILMK,2015-11-04 04:31:29
11499,Val2 ,2021-12-21 12:13:19
11168,Val2 ,2019-05-06 23:01:34
14331,BOTTM,2015-09-28 00:42:46
25837,CHOPS,2022-05-18 07:24:20
14326,TORTU,2013-02-20 23:59:57
15739,CHOPS,2021-05-15 12:18:41
23458,WARTH,2023-09-17 00:49:50
18030,TORTU,2018-08-12 01:29:40
15788,LONEP,2014-02-23 11:17:14
26141,QUEEN,2017-07-27 08:32:50
22158,LACOR,2018-06-27 12:51:11
17764,WHITC,2019-02-10 09:21:46
19972,THEBI,2016-03-05 13:37:56
15663,BOTTM,2015-04-07 02:48:50
14891,BLAUS,2013-02-12 07:52:49
16181,FOLIG,2019-08-06 13:10:35
22683,RICAR,2021-08-22 06:22:32
14778,LAZYK,2014-08-08 21:33:14
12867,BLONP,2019-10-09 00:54:58
13203,HANAR,2020-11-23 06:02:46
22738,LINOD,2013-04-03 04:40:06
22891,OLDWO,2021-11-30 00:53:18
25527,SPLIR,2018-10-15 06:39:44
23774,QUEEN,2016-05-20 13:39:54
17640,OLDWO,2017-03-09 20:53:34
23509,GROSR,2015-03-30 11:01:22
14591,LONEP,2018-11-02 20:24:09
23047,SPECD,2022-03-31 20:53:35
13759,QUEEN,2016-08-10 10:23:43
23941,VICTE,2013-08-06 01:20:49
10650,FAMIA,2017-08-29
13904,RATTC,2013-03-01 07:26:40
23199,ANATR,2023-10-01 12:51:46
20649,TORTU,2014-02-24 04:54:13
26020,Val2 ,2014-06-29 18:07:33
13306,OCEAN,2021-01-09 23:35:32
16947,RANCH,2022-08-31 03:37:18
12243,GODOS,2013-11-13 06:07:27
22280,AROUT,2012-12-12 21:29:10
18119,MORGK,2016-03-23 13:47:49
15212,BOLID,2018-12-14 18:10:42
21668,SUPRD,2020-02-21 15:22:34
26415,LAZYK,2021-03-19 21:50:13
16039,MORGK,2023-07-15 21:50:06
11969,FRANR,2022-12-25 19:36:54
23958,FRANR,2013-04-02 21:41:53
11684,LAUGB,2014-03-14 05:23:45
22330,VAFFE,2019-10-16 20:48:04
19603,SPLIR,2019-11-01 01:08:50
23769,BOTTM,2016-01-04 15:37:44
20613,VINET,2019-11-07 04:28:14
22554,KOENE,2023-10-02 00:57:25
13267,CENTC,2014-10-28 08:01:43
20530,BONAP,2016-11-21 23:41:47
19389,GODOS,2023-01-08 10:05:36
21702,TRADH,2014-01-17 20:36:35
19112,QUICK,2013-02-28 03:17:53
19278,GODOS,2016-11-17 10:39:44
21160,LONEP,2016-03-10 21:13:06
25872,SPLIR,2017-01-30 19:57:16
11474,TOMSP,2016-04-06 16:04:48
16048,THEBI,2016-05-01 07:54:20
26419,FISSA,2013-02-13 19:46:34
24635,WHITC,2023-02-14 04:20:48
25417,WANDK,2020-11-02 05:43:19
24299,GODOS,2016-08-07 07:48:20
13875,TRAIH,2017-01-05 12:42:58
21844,BSBEV,2018-12-31 14:33:08
21943,VICTE,2013-09-10 15:51:09
23424,EASTC,2017-10-28 20:07:22
13519,LETSS,2018-12-08 18:38:28
15046,RICSU,2023-03-12 20:33:35
18188,QUEDE,2019-01-20 02:59:57
21318,SAVEA,2014-06-12 19:06:09
20000,SEVES,2017-04-02 07:01:27
20798,LONEP,2016-06-21 07:04:57
18483,REGGC,2013-04-06 09:36:48
18639,WANDK,2020-02-06 14:08:11
15833,LAMAI,2016-07-08 16:02:58
19538,SPECD,2020-01-19 18:55:34
22855,THECR,2020-03-18 12:41:13
12375,LILAS,2019-03-09 01:50:28
22329,HUNGC,2021-12-03 01:38:49
10679,BLONP,2017-09-23
21627,CONSH,2023-08-13 21:43:10
23688,FOLKO,2022-04-03 22:10:25
24111,QUEDE,2013-11-26 15:26:36
26261,BONAP,2023-03-19 06:28:55
16710,MEREP,2023-05-30 03:34:56
14211,THECR,2016-10-02 18:56:54
17177,SPECD,2022-01-18 10:14:42
25645,BOTTM,2016-03-24 08:15:11
20509,WELLI,2021-09-29 00:26:19
23686,RICAR,2019-05-19 00:36:19
21178,BOLID,2017-03-04 11:09:41
